INSERT INTO `city` (`id`, `name`) VALUES
  (1, 'Wellington'),
  (2, 'Christchurch'),
  (3, 'Auckland'),
  (4, 'Hamilton'),
  (5, 'Tauranga'),
  (6, 'Rotorua'),
  (7, 'Queenstown'),
  (8, 'Taupō'),
  (9, 'Dunedin');

INSERT INTO `category` (`id`, `name`) VALUES
  (1, 'Arts'),
  (2, 'Shopping'),
  (3, 'Outdoors'),
  (4, 'Solo Travel'),
  (5, 'Couple Travel'),
  (6, 'Family Travel'),
  (7, 'Theme Parks'),
  (8, 'Backpacking'),
  (9, 'Transportation'),
  (10, 'Nightlife'),
  (11, 'Food & Drink'),
  (12, 'Beaches'),
  (13, 'Hiking & Trails'),
  (14, 'City Guides'),
  (15, 'Museums & History'),
  (16, 'Road Trips'),
  (17, 'Luxury Travel'),
  (18, 'Budget Travel'),
  (19, 'Hidden Gems'),
  (20, 'National Parks');


INSERT INTO `blog` (`id`, `title`, `description`, `creation_date`, `image_filename`, `creator_id`, `city_id`, `series`) VALUES
  (1, 'Welly Welly Welly!', 'Wow what an experience, my trip to Wellington was amazing. The shopping scene in the central city was fire! Picked up so many new fits...', '2024-10-15 14:30:00', 'welly.jpg', 1, 1, 'Shopping like my life depends on it'),
  (2, 'Hiking in Christchurch', 'The Port Hills offer some incredible views of the city and the ocean. Highly recommend the Bridle Path.', '2024-10-20 09:00:00', 'hiking_chch.png', 1, 2, 'Outdoor Adventures'),
  (3, 'Auckland Food Tour', 'From Ponsonby to the Viaduct, Auckland has some of the best food in NZ. The seafood is a must-try.', '2024-10-25 18:00:00', 'auckland_food.png', 2, 3, 'Culinary Travels'),
  (4, 'Hamilton Gardens is a Must-See', 'I was blown away by the themed gardens in Hamilton. The Italian Renaissance garden was my favorite.', '2024-11-05 11:15:00', 'hamilton_gardens.png', 3, 4, 'Floral Wonders'),
  (5, 'Adrenaline in Queenstown', 'Bungy jumping and jet boating! Queenstown definitely lived up to its reputation as the adventure capital.', '2024-11-10 13:45:00', 'queenstown_fun.png', 4, 7, 'Adrenaline Junkie'),
  (6, 'Rotorua Geothermal Wonders', 'The smell of sulfur is worth it for the incredible geysers and mud pools. Te Puia was fantastic.', '2024-11-15 10:30:00', 'rotorua_geyser.png', 5, 6, 'Volcanic Escapades'),
  (7, 'Tauranga Beach Days', 'Spent the whole weekend at Mount Maunganui. The surf was great and the vibes were even better.', '2024-11-20 16:20:00', 'tauranga_beach.png', 6, 5, 'Coastal Living'),
  (8, 'Taupo Lake Views', 'Kayaking on Lake Taupo to see the Maori Rock Carvings was the highlight of my trip.', '2024-11-25 08:50:00', 'taupo_kayak.png', 7, 8, 'Waterfront Dreams'),
  (9, 'Dunedin Wildlife', 'Saw some yellow-eyed penguins and Royal Albatross on the Otago Peninsula. Nature is amazing!', '2024-12-01 14:10:00', 'dunedin_wildlife.png', 8, 9, 'Nature Watch'),
  (10, 'Wellington Nightlife', 'The bars on Cuba Street are so unique. Had a great night out exploring the local craft beer scene.', '2024-12-05 22:00:00', 'welly_night.png', 9, 1, 'City Nights'),
  (11, 'Solo Trip to Christchurch', 'Traveling alone can be daunting but Christchurch is very friendly. The botanical gardens are peaceful.', '2024-12-10 12:00:00', 'chch_solo.png', 10, 2, 'Solo Journeys'),
  (12, 'Family Fun in Rotorua', 'The kids loved the Luge and the Skyline Gondola. Great family destination.', '2024-12-15 15:30:00', 'rotorua_family.png', 11, 6, 'Family Vacations'),
  (13, 'Budget Travel in Auckland', 'You can actually see a lot of Auckland without spending much. Climbing Mt Eden is free and has the best views.', '2024-12-20 09:45:00', 'auckland_budget.png', 12, 3, 'Thrifty Traveler'),
  (14, 'Luxury Stay in Queenstown', 'Treated myself to a spa resort overlooking the lake. It was expensive but worth every cent.', '2024-12-25 17:00:00', 'queenstown_luxury.png', 13, 7, 'Living Large'),
  (15, 'Hiking the Tongariro Crossing', 'It was a long day but the views of Mt Doom and the Emerald Lakes were surreal.', '2025-01-05 06:00:00', 'tongariro_crossing.png', 14, 8, 'Mountain Peaks'),
  (16, 'Wellington Coffee Culture', 'If you love coffee, Wellington is the place for you. So many local roasters!', '2025-01-10 10:00:00', 'welly_coffee.png', 1, 1, 'Caffeine Fix'),
  (17, 'Christchurch Street Art', 'The city is covered in amazing murals. Definitely do a walking tour.', '2025-01-12 14:00:00', 'chch_art.png', 2, 2, 'Urban Art'),
  (18, 'Auckland Island Hopping', 'Took the ferry to Waiheke Island. The wine and beaches were incredible.', '2025-01-15 09:30:00', 'waiheke.png', 3, 3, 'Island Getaways'),
  (19, 'Hamilton River Walks', 'The Waikato River has some beautiful paths for walking or cycling.', '2025-01-18 16:45:00', 'hamilton_river.png', 4, 4, 'Riverside Relaxation'),
  (20, 'Tauranga Sunset at the Mount', 'Watching the sun go down from the top of Mt Maunganui is a must-do.', '2025-01-20 19:30:00', 'mount_sunset.png', 5, 5, 'Golden Hour'),
  (21, 'Rotorua Cultural Experience', 'Attended a Maori Hangi and performance. A very moving and educational evening.', '2025-01-22 18:00:00', 'rotorua_culture.png', 6, 6, 'Deep Roots'),
  (22, 'Queenstown Winter Festival', 'If you can visit in June, the winter festival is so much fun!', '2025-01-25 11:00:00', 'qt_winter.png', 7, 7, 'Snowy Celebrations'),
  (23, 'Taupo Huka Falls', 'The power of the water at Huka Falls is absolutely terrifying but beautiful.', '2025-01-28 13:15:00', 'huka_falls.png', 8, 8, 'Power of Nature'),
  (24, 'Dunedin Larnach Castle', 'New Zealand only castle! The gardens and history are very interesting.', '2025-01-30 15:20:00', 'larnach_castle.png', 9, 9, 'Royal NZ'),
  (25, 'Wellington Cable Car', 'A classic tourist thing to do, but the view from the top is worth it.', '2025-02-01 10:45:00', 'welly_cable_car.png', 10, 1, 'City Views'),
  (26, 'Christchurch Antarctic Centre', 'A great place to learn about the ice and see some penguins.', '2025-02-03 14:00:00', 'antarctic_centre.png', 11, 2, 'Frozen Frontiers'),
  (27, 'Auckland Sky Tower', 'Dinner at the top of the Sky Tower was an unforgettable experience.', '2025-02-05 19:00:00', 'sky_tower.png', 12, 3, 'High Life'),
  (28, 'Hamilton Zoo', 'The zoo is very well laid out. The lemurs were definitely the highlight.', '2025-02-07 11:30:00', 'hamilton_zoo.png', 13, 4, 'Animal Encounters'),
  (29, 'Tauranga McLaren Falls', 'A bit of a drive from the city but the waterfall and park are stunning.', '2025-02-10 12:00:00', 'mclaren_falls.png', 14, 5, 'Forest Escapes'),
  (30, 'Rotorua Redwood Forest', 'Walking among the giant redwoods feels like you are in another world.', '2025-02-12 15:45:00', 'redwoods.png', 15, 6, 'Among Giants'),
  (31, 'Exploring Oamaru', 'The Victorian precinct in Oamaru is so well preserved. Great for history buffs.', '2025-02-14 10:00:00', 'oamaru.png', 16, 9, 'Steampunk Capital'),
  (32, 'Nelson Abel Tasman', 'The golden sand beaches in Abel Tasman are the best I have ever seen.', '2025-02-16 09:00:00', 'abel_tasman.png', 17, 3, 'Sunny North'),
  (33, 'Napier Art Deco', 'The architecture in Napier is so unique. Feels like stepping back in time.', '2025-02-18 11:30:00', 'napier.png', 18, 1, 'Vintage Vibes'),
  (34, 'Invercargill Southernmost City', 'Visited the southernmost city in NZ. Very windy but the people are lovely.', '2025-02-20 14:00:00', 'invercargill.png', 19, 9, 'Southern Spirit'),
  (35, 'Whangarei Falls', 'A beautiful waterfall right in the city. Easy walk and very photogenic.', '2025-02-22 16:15:00', 'whangarei.png', 20, 3, 'Northern Lights');

INSERT INTO `blog_categories` (`blog_id`, `category_id`) VALUES
  (1, 1), (1, 2), (1, 3),
  (2, 3), (2, 13), (2, 20),
  (3, 11), (3, 14), (3, 19),
  (4, 3), (4, 15), (4, 19),
  (5, 3), (5, 7), (5, 16),
  (6, 3), (6, 15), (6, 20),
  (7, 3), (7, 12), (7, 13),
  (8, 3), (8, 13), (8, 16),
  (9, 3), (9, 15), (9, 20),
  (10, 10), (10, 11), (10, 14),
  (11, 4), (11, 14), (11, 18),
  (12, 6), (12, 7), (12, 16),
  (13, 14), (13, 18), (13, 19),
  (14, 5), (14, 17), (14, 19),
  (15, 3), (15, 13), (15, 20),
  (16, 11), (16, 14),
  (17, 1), (17, 14), (17, 15),
  (18, 12), (18, 16), (18, 11),
  (19, 3), (19, 13),
  (20, 3), (20, 12), (20, 13), (20, 19),
  (21, 15), (21, 6),
  (22, 10), (22, 20),
  (23, 3), (23, 20),
  (24, 15), (24, 19), (24, 17),
  (25, 14),
  (26, 15), (26, 6), (26, 20),
  (27, 11), (27, 17),
  (28, 3), (28, 6),
  (29, 3), (29, 13), (29, 20),
  (30, 3), (30, 13), (30, 20), (30, 19),
  (31, 15), (31, 14),
  (32, 12), (32, 13), (32, 19),
  (33, 1), (33, 15),
  (34, 14), (34, 18),
  (35, 3), (35, 13);

INSERT INTO `blog_reactions` (`blog_id`, `user_id`, `reaction`) VALUES
  (1, 2, 'REACTION_1'),
  (1, 3, 'REACTION_2'),
  (1, 4, 'REACTION_3'),
  (2, 1, 'REACTION_2'),
  (2, 5, 'REACTION_1'),
  (3, 1, 'REACTION_3'),
  (3, 6, 'REACTION_2'),
  (4, 7, 'REACTION_1'),
  (5, 8, 'REACTION_2'),
  (5, 9, 'REACTION_1'),
  (6, 10, 'REACTION_3'),
  (7, 11, 'REACTION_2'),
  (8, 12, 'REACTION_1'),
  (9, 13, 'REACTION_2'),
  (10, 14, 'REACTION_3'),
  (11, 15, 'REACTION_2'),
  (12, 16, 'REACTION_1'),
  (13, 17, 'REACTION_2'),
  (14, 18, 'REACTION_3'),
  (15, 19, 'REACTION_2'),
  (15, 20, 'REACTION_1'),
  (16, 2, 'REACTION_1'),
  (16, 3, 'REACTION_4'),
  (17, 1, 'REACTION_5'),
  (18, 4, 'REACTION_1'),
  (19, 5, 'REACTION_2'),
  (20, 6, 'REACTION_3'),
  (21, 7, 'REACTION_1'),
  (22, 8, 'REACTION_2'),
  (23, 9, 'REACTION_4'),
  (24, 10, 'REACTION_5'),
  (25, 11, 'REACTION_1'),
  (26, 12, 'REACTION_2'),
  (27, 13, 'REACTION_3'),
  (28, 14, 'REACTION_1'),
  (29, 15, 'REACTION_2'),
  (30, 16, 'REACTION_4'),
  (31, 17, 'REACTION_5'),
  (32, 18, 'REACTION_1'),
  (33, 19, 'REACTION_2'),
  (34, 20, 'REACTION_3'),
  (35, 1, 'REACTION_1'),
  (16, 5, 'REACTION_2'),
  (17, 10, 'REACTION_1'),
  (18, 15, 'REACTION_3'),
  (19, 20, 'REACTION_4'),
  (20, 1, 'REACTION_5');

INSERT INTO `blog_comments` (`id`, `blog_id`, `user_id`, `comment`, `timestamp`, `parent_id`) VALUES
  (1, 1, 3, 'Great post! I love Wellington too.', '2024-10-15 15:00:00', NULL),
  (2, 1, 4, 'Where did you find the best clothes?', '2024-10-15 16:00:00', 1),
  (3, 1, 5, 'I agree, the shopping is amazing.', '2024-10-15 17:00:00', 1),
  (4, 2, 6, 'The Bridle Path is tough but worth it!', '2024-10-20 10:00:00', NULL),
  (5, 3, 7, 'I need to visit that seafood place!', '2024-10-25 19:00:00', NULL),
  (6, 3, 8, 'Which restaurant was your favorite?', '2024-10-25 20:00:00', 5),
  (7, 4, 9, 'Hamilton Gardens is truly a gem.', '2024-11-05 12:00:00', NULL),
  (8, 5, 10, 'I was too scared to bungy jump!', '2024-11-10 14:00:00', NULL),
  (9, 5, 11, 'You should try it next time, it is a rush.', '2024-11-10 15:00:00', 8),
  (10, 6, 12, 'Te Puia is amazing at night.', '2024-11-15 11:00:00', NULL),
  (11, 7, 13, 'The Mount is my favorite place in NZ.', '2024-11-20 17:00:00', NULL),
  (12, 8, 14, 'The rock carvings are beautiful.', '2024-11-25 09:00:00', NULL),
  (13, 9, 15, 'Did you see any seals too?', '2024-12-01 15:00:00', NULL),
  (14, 10, 16, 'Cuba Street is the best for bar hopping.', '2024-12-05 23:00:00', NULL),
  (15, 11, 17, 'I love solo traveling, it is so liberating.', '2024-12-10 13:00:00', NULL),
  (16, 12, 18, 'Skyline Rotorua is always a blast.', '2024-12-15 16:00:00', NULL),
  (17, 13, 19, 'Mt Eden views are unbeatable.', '2024-12-20 10:00:00', NULL),
  (18, 14, 20, 'Luxury travel in Queenstown is the dream.', '2024-12-25 18:00:00', NULL),
  (19, 15, 1, 'The Tongariro Crossing is definitely on my list.', '2025-01-05 07:00:00', NULL),
  (20, 15, 2, 'Make sure you have good boots!', '2025-01-05 08:00:00', 19),
  (21, 16, 2, 'Wellington coffee is truly top-tier.', '2025-01-10 11:00:00', NULL),
  (22, 16, 3, 'Which cafe was your favorite?', '2025-01-10 12:00:00', 21),
  (23, 17, 4, 'The murals are so vibrant!', '2025-01-12 15:00:00', NULL),
  (24, 18, 5, 'Waiheke is like a different world.', '2025-01-15 11:00:00', NULL),
  (25, 18, 6, 'Did you visit any specific vineyards?', '2025-01-15 12:00:00', 24),
  (26, 19, 7, 'The river walks are so peaceful.', '2025-01-18 18:00:00', NULL),
  (27, 20, 8, 'The climb is worth it for that view.', '2025-01-20 20:30:00', NULL),
  (28, 21, 9, 'The Hangi food is delicious.', '2025-01-22 20:00:00', NULL),
  (29, 22, 10, 'Winter in Queenstown is magical.', '2025-01-25 13:00:00', NULL),
  (30, 23, 11, 'The blue of the water is insane!', '2025-01-28 15:00:00', NULL),
  (31, 24, 12, 'Larnach Castle has a fascinating history.', '2025-01-30 17:00:00', NULL),
  (32, 25, 13, 'The cable car ride is so short but iconic.', '2025-02-01 12:00:00', NULL),
  (33, 26, 14, 'The penguins are so cute!', '2025-02-03 16:00:00', NULL),
  (34, 27, 15, 'The view from the Sky Tower is breathtaking.', '2025-02-05 21:00:00', NULL),
  (35, 28, 16, 'I love how much space the animals have there.', '2025-02-07 13:00:00', NULL),
  (36, 29, 17, 'McLaren Falls is great for a picnic.', '2025-02-10 14:00:00', NULL),
  (37, 30, 18, 'The tree walk at the Redwoods is cool too.', '2025-02-12 17:00:00', NULL),
  (38, 31, 19, 'Oamaru is very quirky, I love it.', '2025-02-14 12:00:00', NULL),
  (39, 32, 20, 'Abel Tasman is pure paradise.', '2025-02-16 11:00:00', NULL),
  (40, 33, 1, 'Napier is so pretty in the sun.', '2025-02-18 13:30:00', NULL),
  (41, 34, 2, 'Invercargill is a long way down!', '2025-02-20 16:00:00', NULL),
  (42, 35, 3, 'Whangarei Falls is so easy to get to.', '2025-02-22 18:00:00', NULL),
  (43, 35, 4, 'I went there last week, it was flowing well!', '2025-02-22 19:00:00', 42);
